{"18 - NextJS - cheatsheett.md":{"timestamp":1757242917625,"cursor":{"from":{"line":54,"ch":24},"to":{"line":54,"ch":24}},"scrollTop":0},"18 - nextJS - new.md":{"timestamp":1757242597000,"cursor":{"from":{"line":967,"ch":0},"to":{"line":967,"ch":0}},"scroll":912.916468929971,"scrollTop":29635.83203125}}